Id,TARGET_5Yrs
0,0.795127
1,0.794412
2,0.921602
3,1.0
4,0.771333
5,0.910085
6,0.769046
7,0.788975
8,0.871413
9,0.0
10,0.844119
11,0.924968
12,0.806996
13,0.927176
14,1.0
15,0.944154
16,0.929732
17,0.819105
18,0.640719
19,0.920999
20,1.0
21,1.0
22,0.912955
23,0.774482
24,0.894051
25,0.932198
26,0.896593
27,1.0
28,0.903689
29,0.863007
30,0.864058
31,0.803041
32,0.755089
33,0.709633
34,0.711864
35,0.728023
36,0.765573
37,0.662371
38,0.830341
39,0.945945
40,1.0
41,0.830674
42,0.782294
43,0.834946
44,0.855463
45,0.871407
46,0.812721
47,0.813045
48,0.780896
49,0.758684
50,0.793649
51,0.83044
52,0.927434
53,0.0
54,1.0
55,0.823296
56,0.887849
57,0.0
58,0.89725
59,1.0
60,0.937214
61,0.850303
62,0.828357
63,1.0
64,0.876418
65,0.634268
66,0.785846
67,0.728145
68,0.751394
69,0.858948
70,1.0
71,0.929218
72,0.862331
73,0.757348
74,0.840955
75,0.807463
76,0.772714
77,0.816941
78,0.880681
79,1.0
80,0.939218
81,0.892623
82,0.885052
83,0.75698
84,0.747688
85,0.0
86,0.811905
87,0.817258
88,0.700657
89,0.794785
90,0.911204
91,0.649057
92,0.929308
93,0.937159
94,0.838999
95,0.940712
96,1.0
97,1.0
98,0.0
99,0.906386
100,0.880893
101,0.903055
102,0.946588
103,0.857267
104,0.865985
105,0.902448
106,0.925643
107,0.762588
108,0.914569
109,0.616173
110,1.0
111,0.828762
112,0.638103
113,0.932789
114,0.886249
115,1.0
116,0.826607
117,0.69307
118,0.788973
119,0.72057
120,0.936708
121,0.724655
122,1.0
123,0.917415
124,0.841526
125,0.931763
126,0.819498
127,0.904871
128,0.912782
129,0.796598
130,0.880928
131,0.947649
132,0.799318
133,0.836133
134,0.861956
135,0.864439
136,0.917209
137,0.937784
138,0.892344
139,0.748172
140,0.944694
141,0.918651
142,0.787944
143,0.789606
144,0.730757
145,0.8668
146,0.709241
147,0.745251
148,0.942015
149,0.721566
150,0.907353
151,0.841448
152,0.763984
153,0.926634
154,0.92265
155,0.939589
156,0.644062
157,0.826847
158,1.0
159,0.659837
160,0.757225
161,0.949017
162,0.745084
163,0.749044
164,0.868099
165,0.92962
166,1.0
167,0.782417
168,1.0
169,1.0
170,0.715485
171,0.762856
172,0.92215
173,0.926552
174,0.92287
175,0.914882
176,0.772419
177,0.798693
178,0.795438
179,0.705288
180,0.876022
181,1.0
182,0.942682
183,0.721771
184,0.907437
185,0.680969
186,0.0
187,0.910228
188,1.0
189,0.737963
190,0.731608
191,0.799131
192,0.808568
193,0.867115
194,0.928874
195,0.749421
196,1.0
197,0.825749
198,0.773724
199,0.761839
200,0.812327
201,0.823204
202,0.0
203,0.833636
204,0.751682
205,0.0
206,0.77858
207,0.931915
208,0.7863
209,1.0
210,0.857366
211,0.937685
212,1.0
213,0.922354
214,0.87832
215,1.0
216,0.764182
217,0.704058
218,0.780593
219,0.941386
220,1.0
221,0.879282
222,0.833869
223,0.644827
224,0.916011
225,0.756113
226,0.885875
227,0.923595
228,0.776075
229,0.787389
230,0.920589
231,0.815999
232,0.809852
233,0.941699
234,0.845227
235,1.0
236,0.89144
237,0.697499
238,0.867573
239,0.939977
240,1.0
241,0.877548
242,0.895629
243,0.877083
244,1.0
245,0.786296
246,0.0
247,0.777679
248,0.707147
249,0.865505
250,0.0
251,0.909294
252,0.867797
253,1.0
254,0.892522
255,0.895982
256,0.791105
257,0.874811
258,0.713619
259,0.871606
260,0.934458
261,0.633643
262,0.924482
263,0.674058
264,0.0
265,0.877578
266,0.89343
267,0.816887
268,0.840297
269,0.840304
270,0.83902
271,0.786492
272,0.678923
273,0.870696
274,0.858332
275,0.844386
276,0.80852
277,0.94152
278,1.0
279,0.643578
280,0.83501
281,0.860935
282,1.0
283,0.914426
284,0.823399
285,0.937863
286,0.752683
287,0.910524
288,1.0
289,0.949593
290,0.846686
291,0.723527
292,0.920821
293,0.811255
294,0.823022
295,0.0
296,0.827989
297,0.940234
298,1.0
299,0.899554
300,0.681174
301,1.0
302,0.793632
303,0.93602
304,0.91509
305,0.881784
306,0.903107
307,0.640542
308,0.719094
309,0.803585
310,0.917144
311,0.86027
312,0.757617
313,0.822178
314,0.718351
315,0.87952
316,1.0
317,0.919802
318,0.745525
319,0.861092
320,0.777632
321,1.0
322,0.785186
323,0.843055
324,0.700646
325,0.879819
326,0.937983
327,0.74148
328,0.909414
329,0.711532
330,0.920966
331,0.837937
332,0.868351
333,0.913722
334,0.844941
335,0.80907
336,0.903164
337,0.897858
338,0.886724
339,0.800141
340,0.930716
341,0.782034
342,0.916204
343,0.674799
344,0.936081
345,0.903458
346,0.719594
347,0.866691
348,0.752847
349,0.941857
350,0.806621
351,0.714731
352,0.89824
353,0.929276
354,0.931349
355,0.893129
356,0.768494
357,0.800748
358,0.875548
359,0.848635
360,0.789126
361,0.737746
362,0.0
363,0.907267
364,0.833565
365,0.65972
366,0.875816
367,0.914321
368,0.676561
369,0.938665
370,0.923889
371,0.797166
372,0.94728
373,0.881002
374,1.0
375,1.0
376,0.900351
377,0.768399
378,0.719946
379,0.0
380,0.832493
381,0.860954
382,0.811067
383,0.885449
384,0.767753
385,0.0
386,0.80518
387,0.938446
388,0.869702
389,0.856587
390,0.888943
391,0.827968
392,0.83592
393,0.925369
394,0.652404
395,0.882234
396,0.732133
397,0.890129
398,0.801557
399,0.939397
400,0.720297
401,0.861976
402,0.923446
403,0.920985
404,0.834277
405,0.0
406,1.0
407,0.831269
408,0.899989
409,0.885002
410,0.915194
411,0.855597
412,0.929586
413,1.0
414,0.762974
415,1.0
416,0.930172
417,0.911143
418,0.817299
419,0.91063
420,0.890666
421,0.87385
422,0.878095
423,0.851973
424,0.707717
425,0.888658
426,0.78623
427,0.754029
428,0.860542
429,0.825655
430,0.831581
431,0.820897
432,0.838036
433,0.934429
434,0.895175
435,1.0
436,0.845577
437,0.754771
438,0.893888
439,0.782817
440,0.880075
441,1.0
442,0.94185
443,0.807448
444,0.661044
445,0.846604
446,0.758308
447,0.711188
448,0.802603
449,0.802977
450,0.926449
451,0.863165
452,0.916043
453,0.861341
454,1.0
455,0.8647
456,0.917447
457,0.922858
458,0.896611
459,0.683162
460,0.805297
461,0.751365
462,0.816085
463,0.768202
464,1.0
465,0.824606
466,0.840626
467,0.905549
468,0.915617
469,0.0
470,0.931564
471,0.942404
472,0.946793
473,0.918524
474,0.833797
475,0.891839
476,0.900874
477,0.782426
478,0.800413
479,1.0
480,0.901654
481,0.781725
482,0.885548
483,0.830859
484,0.60837
485,0.782117
486,0.834283
487,0.887162
488,0.788424
489,0.747995
490,0.787763
491,0.886342
492,0.640225
493,0.901605
494,0.893446
495,0.927098
496,0.808065
497,0.867414
498,0.764282
499,0.88264
500,0.870952
501,0.743789
502,1.0
503,0.707391
504,0.930097
505,0.832984
506,0.737766
507,0.896363
508,0.906227
509,0.786632
510,0.763664
511,0.923097
512,0.708357
513,0.817391
514,0.835294
515,0.946828
516,0.822209
517,0.849558
518,0.810307
519,0.857872
520,1.0
521,0.815748
522,0.920173
523,0.708845
524,0.715858
525,0.0
526,0.909402
527,0.912627
528,0.82521
529,0.868321
530,0.909657
531,0.934943
532,0.786476
533,0.844121
534,1.0
535,0.646363
536,0.804057
537,0.883578
538,0.730765
539,0.856527
540,0.815473
541,0.801008
542,0.899318
543,0.871873
544,0.830469
545,0.940774
546,0.949529
547,0.802387
548,0.726864
549,0.713212
550,0.822214
551,0.930145
552,0.735535
553,0.79661
554,0.748407
555,0.838522
556,0.836054
557,0.688002
558,0.866842
559,0.810895
560,0.821479
561,0.905977
562,1.0
563,0.751625
564,0.61436
565,0.774451
566,0.862597
567,0.77697
568,0.86642
569,0.852253
570,0.885694
571,0.920112
572,0.871047
573,0.85763
574,0.919327
575,0.808227
576,0.650075
577,0.905107
578,0.91029
579,0.936548
580,0.840838
581,0.883613
582,0.833822
583,0.612285
584,0.79147
585,0.845871
586,0.72841
587,1.0
588,1.0
589,0.862686
590,1.0
591,0.860849
592,1.0
593,0.87764
594,0.703112
595,0.784195
596,0.949668
597,0.826794
598,0.830505
599,0.729129
600,0.948764
601,0.816425
602,1.0
603,0.890811
604,0.899022
605,0.715209
606,0.925088
607,0.881148
608,0.775482
609,0.928342
610,0.853691
611,0.86939
612,0.802236
613,1.0
614,0.827684
615,0.883947
616,0.901949
617,0.892192
618,0.745356
619,0.816291
620,1.0
621,0.915169
622,0.900481
623,0.876648
624,1.0
625,0.855714
626,0.924179
627,0.926373
628,0.893957
629,1.0
630,0.897792
631,0.937385
632,0.862464
633,0.646069
634,0.919205
635,0.808332
636,0.905163
637,0.813622
638,0.748972
639,0.93625
640,1.0
641,0.856358
642,0.821112
643,0.916715
644,0.81825
645,0.868717
646,0.798181
647,0.724161
648,0.863709
649,0.932739
650,0.758374
651,0.810069
652,0.771564
653,0.873756
654,0.842195
655,0.780269
656,0.0
657,0.869315
658,0.841054
659,0.938515
660,0.873403
661,0.77286
662,0.752628
663,0.918402
664,0.820709
665,0.797057
666,0.873297
667,0.858186
668,0.827149
669,0.620617
670,0.945917
671,0.827652
672,0.817572
673,0.900784
674,0.723665
675,0.873256
676,0.889442
677,0.0
678,0.890728
679,0.618188
680,0.82194
681,1.0
682,0.737268
683,0.872956
684,1.0
685,0.818215
686,0.699959
687,0.927695
688,0.878211
689,0.0
690,0.777766
691,0.0
692,1.0
693,0.886551
694,0.946979
695,0.881072
696,0.82594
697,0.827029
698,0.895478
699,0.822431
700,0.912978
701,0.792129
702,0.887802
703,0.778919
704,0.752864
705,0.712127
706,0.918871
707,0.905068
708,0.60245
709,0.70285
710,0.874816
711,0.885375
712,1.0
713,0.885685
714,0.844064
715,0.901877
716,1.0
717,0.861473
718,1.0
719,0.648542
720,0.901177
721,1.0
722,0.853986
723,0.84204
724,0.876275
725,0.761859
726,0.947508
727,0.752527
728,1.0
729,0.804914
730,0.893749
731,0.805274
732,0.728677
733,0.675447
734,0.84505
735,0.751001
736,0.83819
737,0.904592
738,0.85402
739,0.832394
740,0.854426
741,0.842117
742,0.946554
743,0.884416
744,0.797824
745,1.0
746,0.870349
747,0.819252
748,0.852482
749,0.741944
750,0.801544
751,0.729376
752,0.819482
753,0.88667
754,0.664607
755,0.830844
756,1.0
757,0.753314
758,0.825556
759,0.885829
760,0.688952
761,0.708541
762,0.659925
763,0.943876
764,0.890879
765,0.893286
766,0.776657
767,1.0
768,0.78322
769,1.0
770,0.946963
771,0.922309
772,0.946886
773,0.719124
774,0.682305
775,1.0
776,1.0
777,0.898245
778,0.645443
779,0.823894
780,0.903463
781,0.919117
782,0.946875
783,0.929225
784,0.8537
785,0.923199
786,0.848492
787,0.937707
788,0.806879
789,0.926345
790,0.923193
791,0.867932
792,0.766349
793,0.913176
794,0.872474
795,0.719823
796,0.610728
797,0.855645
798,0.794256
799,0.915077
800,0.861136
801,0.785555
802,0.892118
803,0.823583
804,0.803053
805,0.909183
806,0.839206
807,1.0
808,0.904171
809,0.802877
810,0.912162
811,0.816973
812,1.0
813,0.84938
814,0.895919
815,0.872066
816,0.847388
817,0.871822
818,0.891118
819,0.836659
820,0.871478
821,0.916736
822,0.66261
823,0.722103
824,0.0
825,0.738319
826,0.895985
827,0.64687
828,0.864548
829,0.897652
830,0.878176
831,0.832341
832,0.772644
833,0.936275
834,0.736646
835,0.938272
836,0.0
837,0.907378
838,0.602918
839,0.889682
840,0.944329
841,0.884495
842,0.830082
843,0.713077
844,0.840168
845,0.793298
846,0.928998
847,0.783882
848,0.710533
849,0.845072
850,0.853456
851,0.860658
852,0.823542
853,0.84738
854,0.85618
855,0.80219
856,0.88973
857,0.812695
858,0.88918
859,0.949571
860,0.907766
861,0.88384
862,0.787302
863,0.832745
864,0.929086
865,0.746083
866,0.838555
867,0.759228
868,0.773
869,1.0
870,0.756108
871,0.91645
872,0.888179
873,0.800115
874,0.647632
875,0.814494
876,0.879986
877,0.869509
878,0.851323
879,0.827629
880,0.714082
881,0.0
882,0.85096
883,0.840946
884,0.916428
885,0.93799
886,0.766156
887,0.916811
888,0.944596
889,0.752308
890,0.865007
891,0.868086
892,0.873433
893,0.932754
894,0.733139
895,0.898073
896,0.829871
897,0.846056
898,0.841119
899,0.741169
900,0.764977
901,0.851908
902,0.865064
903,0.803669
904,0.78646
905,0.873688
906,0.910726
907,0.740597
908,0.79913
909,0.618495
910,0.7284
911,1.0
912,0.737872
913,0.77114
914,0.893181
915,0.758261
916,0.811891
917,0.797477
918,0.946593
919,0.729377
920,0.723541
921,0.843085
922,1.0
923,0.69853
924,0.72648
925,0.813633
926,0.805479
927,0.0
928,0.77189
929,0.864356
930,0.744738
931,0.913174
932,0.845841
933,0.857958
934,0.89705
935,0.871465
936,0.840919
937,0.654695
938,0.888392
939,0.88599
940,0.876839
941,0.878264
942,0.795287
943,0.88096
944,0.74704
945,0.893284
946,1.0
947,0.806207
948,0.863657
949,0.781688
950,0.874023
951,0.904412
952,0.942355
953,0.721076
954,0.848123
955,0.908919
956,0.92467
957,0.85061
958,0.825709
959,0.883433
960,0.875547
961,0.811411
962,0.820081
963,0.829862
964,0.0
965,1.0
966,0.851966
967,0.871688
968,0.91886
969,0.845294
970,0.938858
971,0.891131
972,0.709359
973,0.85546
974,0.817331
975,0.811237
976,0.74926
977,0.92366
978,0.0
979,1.0
980,0.915293
981,0.784067
982,0.620018
983,0.887976
984,0.910806
985,0.873624
986,0.873185
987,0.915042
988,0.842678
989,1.0
990,0.8663
991,0.939168
992,0.840751
993,0.889465
994,1.0
995,1.0
996,0.878154
997,0.649373
998,0.0
999,0.897788
1000,0.724458
1001,0.87521
1002,0.794569
1003,0.661994
1004,0.747878
1005,0.864592
1006,0.919035
1007,0.876771
1008,0.905299
1009,0.880841
1010,0.895718
1011,0.885831
1012,0.666087
1013,0.930264
1014,0.893644
1015,0.0
1016,0.728092
1017,0.824582
1018,0.944112
1019,0.890138
1020,0.914401
1021,0.888318
1022,0.863725
1023,0.742589
1024,0.672799
1025,0.665669
1026,0.811464
1027,0.716158
1028,0.868386
1029,0.886571
1030,0.707433
1031,0.747155
1032,0.912369
1033,0.77646
1034,0.828532
1035,0.742362
1036,0.918315
1037,0.63431
1038,1.0
1039,0.793789
1040,0.914745
1041,0.926017
1042,0.849943
1043,0.912184
1044,0.813894
1045,1.0
1046,0.888445
1047,0.903607
1048,0.787708
1049,0.935576
1050,0.912207
1051,0.840196
1052,0.907671
1053,0.839024
1054,0.911024
1055,0.0
1056,0.847445
1057,0.867084
1058,0.869722
1059,0.843028
1060,1.0
1061,0.846167
1062,0.653346
1063,0.755555
1064,0.923874
1065,0.647832
1066,0.905404
1067,0.742175
1068,1.0
1069,0.941951
1070,1.0
1071,0.755022
1072,0.892879
1073,0.948557
1074,0.93401
1075,0.896284
1076,0.713793
1077,0.776478
1078,0.890639
1079,0.846703
1080,1.0
1081,1.0
1082,0.906208
1083,0.768384
1084,1.0
1085,0.790062
1086,0.676774
1087,0.832123
1088,0.853843
1089,0.834816
1090,0.811129
1091,0.608231
1092,0.890266
1093,0.857784
1094,0.654797
1095,0.66593
1096,0.723121
1097,0.92686
1098,0.925341
1099,0.834977
1100,0.774478
1101,1.0
1102,0.741065
1103,0.627532
1104,0.80113
1105,0.866663
1106,0.896043
1107,0.856832
1108,0.921614
1109,0.796456
1110,0.768157
1111,0.852693
1112,1.0
1113,0.863087
1114,0.677515
1115,0.842006
1116,0.78368
1117,1.0
1118,0.799232
1119,0.909099
1120,0.752182
1121,0.884078
1122,0.667169
1123,0.847108
1124,0.868272
1125,0.881064
1126,0.89072
1127,0.7525
1128,0.872734
1129,0.941672
1130,0.0
1131,0.907343
1132,0.941078
1133,0.843201
1134,0.878623
1135,0.700012
1136,0.821265
1137,0.82083
1138,0.787172
1139,0.912955
1140,0.879804
1141,0.68051
1142,0.854764
1143,0.818465
1144,0.870055
1145,0.839712
1146,0.89688
1147,0.77253
1148,0.73984
1149,0.949513
1150,0.917435
1151,0.81033
1152,0.871156
1153,0.771176
1154,0.885736
1155,0.600651
1156,0.8539
1157,0.859402
1158,0.894954
1159,0.895391
1160,0.896817
1161,0.874157
1162,0.856547
1163,0.777484
1164,0.889883
1165,0.84029
1166,0.875286
1167,0.846029
1168,0.656074
1169,0.926879
1170,0.872426
1171,0.781817
1172,0.733276
1173,0.883903
1174,0.749138
1175,0.773787
1176,0.814523
1177,0.915587
1178,0.848207
1179,0.881173
1180,0.79146
1181,0.934076
1182,0.735944
1183,0.822704
1184,0.800998
1185,0.784476
1186,0.792822
1187,0.892074
1188,0.927194
1189,0.869971
1190,0.768556
1191,0.89645
1192,0.807933
1193,0.799687
1194,1.0
1195,0.939686
1196,0.802322
1197,0.934383
1198,1.0
1199,0.935257
1200,0.736206
1201,0.834574
1202,0.684037
1203,0.730147
1204,1.0
1205,0.701033
1206,0.900036
1207,0.910538
1208,0.725078
1209,0.852571
1210,0.92442
1211,0.768791
1212,0.859494
1213,0.858861
1214,0.890327
1215,0.917364
1216,0.902213
1217,0.821452
1218,0.890103
1219,0.641065
1220,0.860265
1221,0.692277
1222,0.878155
1223,0.901035
1224,0.780871
1225,0.766345
1226,0.83801
1227,0.853811
1228,0.736923
1229,0.747051
1230,0.891675
1231,0.722715
1232,0.661347
1233,0.761674
1234,0.857731
1235,0.853104
1236,0.764929
1237,0.80969
1238,0.917486
1239,0.889651
1240,0.691711
1241,1.0
1242,0.893038
1243,0.895931
1244,0.87209
1245,0.894994
1246,0.0
1247,0.814664
1248,0.704898
1249,0.771966
1250,0.0
1251,0.603599
1252,0.801729
1253,0.836786
1254,0.756873
1255,0.791932
1256,0.890957
1257,0.941781
1258,0.921129
1259,1.0
1260,0.862809
1261,0.903686
1262,0.90451
1263,0.869887
1264,0.812802
1265,0.788299
1266,0.751211
1267,0.934276
1268,0.884271
1269,0.743632
1270,0.948988
1271,0.611173
1272,0.898843
1273,0.782791
1274,0.838169
1275,0.775669
1276,0.943426
1277,0.752327
1278,0.937141
1279,0.878927
1280,0.908463
1281,0.601307
1282,0.836797
1283,0.869205
1284,0.687806
1285,1.0
1286,0.812429
1287,0.927806
1288,0.760657
1289,0.896701
1290,0.905411
1291,0.892616
1292,0.936128
1293,0.85889
1294,0.892616
1295,0.880679
1296,0.871052
1297,0.938381
1298,0.856579
1299,0.847269
1300,0.842453
1301,0.775085
1302,0.910689
1303,0.89672
1304,0.681893
1305,1.0
1306,0.0
1307,0.871992
1308,0.637184
1309,0.861674
1310,0.887575
1311,1.0
1312,0.863375
1313,0.917314
1314,0.842559
1315,0.728563
1316,0.930073
1317,0.896548
1318,0.8219
1319,0.610553
1320,0.828909
1321,0.768175
1322,0.893651
1323,0.929982
1324,1.0
1325,1.0
1326,0.949649
1327,0.912473
1328,0.815196
1329,0.752329
1330,0.909287
1331,0.946315
1332,0.831511
1333,0.875946
1334,0.946352
1335,0.875704
1336,0.819833
1337,0.937753
1338,0.895502
1339,0.824358
1340,0.88164
1341,0.802833
1342,0.826957
1343,0.849182
1344,0.618152
1345,0.603665
1346,0.942558
1347,1.0
1348,0.773479
1349,0.874245
1350,0.947698
1351,0.902988
1352,0.88979
1353,0.892764
1354,0.790654
1355,0.817923
1356,0.87814
1357,0.911521
1358,0.776446
1359,0.876262
1360,0.909944
1361,0.683302
1362,0.896657
1363,0.88679
1364,0.844256
1365,0.905344
1366,0.849624
1367,0.844792
1368,0.71143
1369,0.928169
1370,0.698831
1371,0.791581
1372,0.784944
1373,0.869104
1374,0.829457
1375,0.776554
1376,1.0
1377,0.610106
1378,0.801215
1379,0.749655
1380,0.790952
1381,0.71847
1382,0.802435
1383,0.877344
1384,0.707769
1385,0.677342
1386,0.838174
1387,0.914696
1388,0.817453
1389,0.747081
1390,0.723159
1391,0.906529
1392,0.837617
1393,0.656564
1394,0.921961
1395,0.914873
1396,1.0
1397,0.947907
1398,0.863811
1399,0.805073
1400,0.811199
1401,0.868713
1402,0.898385
1403,0.935252
1404,0.915011
1405,0.772039
1406,0.791255
1407,0.0
1408,0.651932
1409,0.613637
1410,0.911848
1411,0.948268
1412,0.873069
1413,0.922624
1414,0.817407
1415,0.940226
1416,0.925187
1417,0.0
1418,0.852784
1419,0.935606
1420,0.796625
1421,0.918746
1422,0.948879
1423,0.720236
1424,0.868416
1425,0.892327
1426,0.813461
1427,0.869421
1428,0.668194
1429,0.880493
1430,0.733394
1431,0.912208
1432,0.762401
1433,0.650688
1434,0.841778
1435,0.865446
1436,0.940507
1437,0.709186
1438,0.929646
1439,0.865112
1440,0.930004
1441,0.749083
1442,0.909038
1443,0.0
1444,0.839292
1445,0.889206
1446,0.821346
1447,0.797433
1448,0.927512
1449,0.670237
1450,0.720154
1451,0.880327
1452,0.0
1453,0.856527
1454,0.908921
1455,0.867142
1456,0.914314
1457,0.772421
1458,0.915473
1459,0.88472
1460,0.822412
1461,0.859349
1462,0.79011
1463,0.778561
1464,0.759354
1465,0.781013
1466,0.760582
1467,1.0
1468,0.0
1469,0.899279
1470,0.600776
1471,0.722758
1472,1.0
1473,0.750394
1474,0.737137
1475,0.944142
1476,0.789908
1477,0.616329
1478,0.919687
1479,0.702653
1480,0.739404
1481,0.685804
1482,0.0
1483,0.779462
1484,0.813891
1485,0.91355
1486,0.83101
1487,1.0
1488,0.903118
1489,0.911598
1490,1.0
1491,0.902407
1492,0.876817
1493,0.81316
1494,0.943118
1495,0.933837
1496,0.924562
1497,0.706732
1498,0.855343
1499,1.0
1500,0.821722
1501,0.918876
1502,0.855593
1503,0.670816
1504,0.852306
1505,0.797481
1506,0.793994
1507,0.619794
1508,0.871682
1509,0.899314
1510,0.909272
1511,0.914274
1512,0.932501
1513,0.895781
1514,0.799545
1515,0.867665
1516,1.0
1517,0.8648
1518,1.0
1519,0.814313
1520,0.945098
1521,0.784953
1522,0.785312
1523,0.847346
1524,0.782278
1525,0.848583
1526,0.903186
1527,0.892067
1528,0.776283
1529,0.901131
1530,0.771335
1531,0.868682
1532,0.733204
1533,0.797565
1534,0.732268
1535,1.0
1536,0.659935
1537,0.770982
1538,0.717585
1539,0.75182
1540,1.0
1541,0.822607
1542,0.914903
1543,0.855957
1544,0.745047
1545,0.929403
1546,0.876783
1547,0.915835
1548,0.938121
1549,0.913698
1550,0.919221
1551,0.915713
1552,0.823635
1553,0.692376
1554,0.929261
1555,0.870395
1556,0.898445
1557,0.874167
1558,0.695419
1559,0.939394
1560,0.621472
1561,0.82617
1562,0.0
1563,0.765909
1564,0.947089
1565,0.786144
1566,0.801103
1567,0.864046
1568,0.878638
1569,0.897496
1570,0.855304
1571,0.798046
1572,0.895041
1573,0.912746
1574,0.722625
1575,0.902931
1576,0.776821
1577,0.872191
1578,1.0
1579,0.904013
1580,0.873984
1581,0.803978
1582,0.801716
1583,0.930278
1584,0.931132
1585,0.789402
1586,1.0
1587,0.808574
1588,0.896482
1589,0.739784
1590,0.812638
1591,0.913546
1592,0.880113
1593,0.866634
1594,0.824505
1595,0.87238
1596,0.738333
1597,0.89393
1598,0.920885
1599,0.853678
1600,1.0
1601,0.707692
1602,0.902621
1603,0.761175
1604,0.897554
1605,1.0
1606,0.831878
1607,0.884444
1608,0.942031
1609,0.83548
1610,0.810115
1611,0.866923
1612,0.834742
1613,0.792098
1614,0.798923
1615,0.8921
1616,0.940249
1617,0.887549
1618,0.844758
1619,0.940526
1620,0.806329
1621,0.909741
1622,0.675804
1623,0.933816
1624,0.682355
1625,0.844298
1626,0.944905
1627,0.87427
1628,0.923955
1629,0.846817
1630,0.908019
1631,0.852766
1632,0.868053
1633,0.912301
1634,0.914588
1635,0.0
1636,0.711293
1637,0.71556
1638,0.903508
1639,0.899574
1640,0.687596
1641,0.770143
1642,1.0
1643,0.77255
1644,0.0
1645,0.941146
1646,0.761718
1647,0.738721
1648,0.870305
1649,0.744168
1650,0.859845
1651,1.0
1652,0.904675
1653,0.872685
1654,0.915414
1655,0.629862
1656,0.827246
1657,0.827022
1658,0.886565
1659,0.656794
1660,0.906053
1661,0.897149
1662,0.921547
1663,0.817019
1664,0.706088
1665,0.655163
1666,0.940105
1667,1.0
1668,0.740858
1669,0.92782
1670,0.802768
1671,0.792763
1672,0.878162
1673,0.698764
1674,0.85559
1675,0.83815
1676,0.927586
1677,0.900244
1678,0.809747
1679,0.914262
1680,1.0
1681,0.814059
1682,0.781663
1683,0.665141
1684,0.941998
1685,0.684155
1686,0.795841
1687,0.682262
1688,0.81779
1689,0.896732
1690,0.644083
1691,0.937169
1692,1.0
1693,0.714635
1694,0.913845
1695,1.0
1696,0.810144
1697,0.740338
1698,0.800546
1699,0.7311
1700,0.818148
1701,0.669135
1702,0.931127
1703,0.774215
1704,0.842299
1705,0.673577
1706,0.0
1707,1.0
1708,0.727716
1709,0.909849
1710,0.89036
1711,0.85621
1712,0.640165
1713,0.891072
1714,0.846067
1715,0.868234
1716,0.945209
1717,0.926755
1718,0.879906
1719,0.783276
1720,0.869166
1721,0.946833
1722,0.729553
1723,0.738409
1724,0.679357
1725,0.773928
1726,0.853249
1727,0.709405
1728,1.0
1729,0.910128
1730,0.861655
1731,0.864349
1732,0.73802
1733,0.828386
1734,0.925585
1735,0.800893
1736,0.717285
1737,0.883756
1738,0.745602
1739,0.87104
1740,0.897023
1741,0.0
1742,0.839229
1743,0.858131
1744,0.922211
1745,0.911551
1746,0.945592
1747,0.880384
1748,1.0
1749,0.842206
1750,0.884527
1751,0.625687
1752,0.752703
1753,1.0
1754,0.738341
1755,0.771322
1756,0.870656
1757,0.879281
1758,0.797146
1759,0.834789
1760,0.781324
1761,1.0
1762,0.867857
1763,0.928159
1764,1.0
1765,0.829198
1766,0.933206
1767,0.758859
1768,1.0
1769,0.870585
1770,0.767952
1771,0.771952
1772,1.0
1773,0.899882
1774,0.659304
1775,0.0
1776,0.944367
1777,0.730012
1778,1.0
1779,0.910622
1780,0.824926
1781,1.0
1782,0.888194
1783,0.78233
1784,1.0
1785,0.802127
1786,0.851406
1787,0.834953
1788,0.927709
1789,0.883732
1790,0.714466
1791,0.813154
1792,0.88044
1793,0.851878
1794,0.88616
1795,0.900498
1796,0.924549
1797,0.804316
1798,0.87008
1799,0.906768
1800,1.0
1801,1.0
1802,1.0
1803,0.944161
1804,0.879904
1805,0.921316
1806,0.669725
1807,0.915083
1808,0.726757
1809,0.70822
1810,0.844056
1811,0.743313
1812,1.0
1813,0.796169
1814,0.847396
1815,0.817085
1816,0.90606
1817,0.847492
1818,0.916939
1819,0.89145
1820,1.0
1821,0.748126
1822,1.0
1823,0.908784
1824,0.896336
1825,0.0
1826,0.948973
1827,0.744477
1828,0.794982
1829,0.644905
1830,0.892661
1831,0.812842
1832,0.930348
1833,0.813006
1834,0.915207
1835,0.832997
1836,0.94931
1837,0.931678
1838,0.837368
1839,0.858555
1840,0.791365
1841,0.812263
1842,0.94935
1843,1.0
1844,0.822641
1845,0.854447
1846,0.770113
1847,0.873587
1848,0.78649
1849,0.787635
1850,1.0
1851,0.774532
1852,0.762609
1853,0.873125
1854,1.0
1855,0.931923
1856,0.88595
1857,0.865311
1858,1.0
1859,0.868736
1860,0.92004
1861,0.780179
1862,0.886743
1863,0.823922
1864,0.78658
1865,0.945689
1866,0.8567
1867,0.743354
1868,0.828525
1869,0.868023
1870,0.910157
1871,0.933333
1872,0.830727
1873,0.737818
1874,0.853104
1875,0.939869
1876,0.82326
1877,0.884802
1878,0.72637
1879,1.0
1880,0.885812
1881,0.759524
1882,0.891606
1883,0.900817
1884,0.883252
1885,0.930801
1886,0.873278
1887,0.860125
1888,0.0
1889,0.799362
1890,0.838401
1891,0.835823
1892,0.907735
1893,0.743289
1894,0.770721
1895,0.929577
1896,0.917463
1897,0.759324
1898,0.897098
1899,1.0
1900,0.85676
1901,0.939031
1902,0.742542
1903,0.899164
1904,0.800739
1905,0.90582
1906,0.907725
1907,1.0
1908,0.767069
1909,0.933143
1910,0.714767
1911,0.73275
1912,0.689869
1913,0.809084
1914,0.929607
1915,0.916844
1916,0.798735
1917,0.640364
1918,0.778097
1919,0.903604
1920,0.839895
1921,0.800906
1922,0.766
1923,0.830721
1924,0.92388
1925,0.804028
1926,0.939108
1927,0.901332
1928,0.694261
1929,0.727191
1930,0.706391
1931,0.854459
1932,0.874311
1933,0.778945
1934,0.634515
1935,0.710752
1936,0.892436
1937,0.911357
1938,0.800243
1939,0.876446
1940,0.890969
1941,0.890642
1942,0.644234
1943,1.0
1944,0.880029
1945,0.890189
1946,1.0
1947,0.0
1948,0.917976
1949,0.713202
1950,0.818484
1951,0.763784
1952,0.816452
1953,0.923877
1954,0.92651
1955,0.855238
1956,0.792799
1957,0.949145
1958,0.684538
1959,0.889253
1960,0.802476
1961,0.91951
1962,0.785397
1963,0.835671
1964,0.902905
1965,0.786334
1966,0.857967
1967,0.811151
1968,0.850982
1969,0.934797
1970,0.862346
1971,0.807912
1972,0.642886
1973,0.667968
1974,0.870004
1975,0.814285
1976,0.912338
1977,0.86717
1978,0.77938
1979,0.614118
1980,0.882994
1981,0.898139
1982,0.668766
1983,0.641017
1984,0.786576
1985,0.776756
1986,0.82028
1987,0.737101
1988,0.716265
1989,0.89953
1990,0.788166
1991,0.812294
1992,0.824403
1993,0.821111
1994,1.0
1995,0.910996
1996,0.781415
1997,0.0
1998,0.890232
1999,0.826093
2000,0.937268
2001,0.811831
2002,0.849484
2003,0.874892
2004,0.752695
2005,0.869909
2006,0.894156
2007,0.925889
2008,0.854489
2009,0.827261
2010,0.911344
2011,0.863222
2012,1.0
2013,0.786129
2014,1.0
2015,0.91362
2016,0.801735
2017,0.912732
2018,0.894771
2019,0.825296
2020,0.925119
2021,0.872863
2022,0.710537
2023,0.786749
2024,0.89537
2025,0.875835
2026,0.742848
2027,0.824119
2028,0.858357
2029,0.832269
2030,0.837845
2031,0.868496
2032,0.892742
2033,0.825906
2034,0.91328
2035,0.882904
2036,1.0
2037,0.813011
2038,0.844199
2039,0.0
2040,0.674469
2041,0.839006
2042,0.932358
2043,0.768138
2044,0.840802
2045,0.867516
2046,0.875785
2047,0.875732
2048,0.905156
2049,0.0
2050,0.852285
2051,0.933365
2052,0.936367
2053,0.712964
2054,0.717631
2055,0.700264
2056,0.781457
2057,0.838541
2058,0.771611
2059,0.796289
2060,0.867115
2061,0.742447
2062,0.874278
2063,0.760113
2064,0.742538
2065,0.755801
2066,0.821179
2067,0.748885
2068,0.916666
2069,0.867012
2070,0.814786
2071,0.713445
2072,0.842464
2073,0.776529
2074,0.829235
2075,0.878229
2076,0.905418
2077,0.925895
2078,0.770522
2079,0.762379
2080,0.84382
2081,0.811596
2082,0.900442
2083,0.905447
2084,0.865949
2085,0.867502
2086,0.906893
2087,0.779721
2088,0.94542
2089,0.811273
2090,0.901828
2091,0.89351
2092,0.939844
2093,0.779829
2094,0.866939
2095,0.668162
2096,0.857847
2097,1.0
2098,0.864195
2099,0.786242
2100,0.773135
2101,0.644998
2102,1.0
2103,1.0
2104,0.884633
2105,0.928813
2106,0.60198
2107,0.0
2108,0.936589
2109,1.0
2110,0.870022
2111,0.91974
2112,1.0
2113,0.897047
2114,0.831505
2115,1.0
2116,0.859092
2117,0.939504
2118,0.603456
2119,0.87512
2120,0.928789
2121,0.924115
2122,0.873021
2123,0.846197
2124,0.65084
2125,0.600036
2126,0.903131
2127,0.745515
2128,0.90917
2129,1.0
2130,0.911879
2131,0.896744
2132,0.948508
2133,0.705956
2134,0.933979
2135,0.850515
2136,0.625538
2137,0.866137
2138,0.903871
2139,0.914663
2140,0.820966
2141,0.883652
2142,0.869912
2143,0.745533
2144,0.833818
2145,0.660465
2146,0.778953
2147,0.805181
2148,0.888119
2149,0.914264
2150,0.883605
2151,0.906418
2152,0.701466
2153,0.948443
2154,0.830881
2155,0.939854
2156,0.942472
2157,0.751487
2158,0.837483
2159,0.934386
2160,0.847356
2161,0.840522
2162,0.839998
2163,0.87055
2164,0.832706
2165,0.836882
2166,0.899498
2167,0.913709
2168,0.94183
2169,0.753442
2170,0.848597
2171,0.80682
2172,0.710151
2173,0.851895
2174,0.77283
2175,0.807446
2176,0.89058
2177,0.887737
2178,0.878579
2179,0.675235
2180,0.760984
2181,0.763842
2182,0.884287
2183,0.66609
2184,0.768227
2185,0.857536
2186,0.949183
2187,0.862371
2188,0.877821
2189,1.0
2190,0.944793
2191,0.735285
2192,0.837885
2193,1.0
2194,1.0
2195,0.798922
2196,1.0
2197,0.930497
2198,0.759634
2199,0.839786
2200,0.86131
2201,0.830159
2202,0.932086
2203,0.816272
2204,0.848565
2205,0.935129
2206,0.834523
2207,0.783556
2208,0.751531
2209,0.902065
2210,0.757677
2211,0.889629
2212,0.807118
2213,0.743579
2214,0.797128
2215,0.914427
2216,0.826271
2217,0.830279
2218,0.781073
2219,1.0
2220,0.855021
2221,0.909403
2222,1.0
2223,0.874912
2224,0.918996
2225,0.869921
2226,0.907715
2227,0.0
2228,0.836815
2229,0.71808
2230,0.795307
2231,0.922743
2232,0.910052
2233,0.922854
2234,0.0
2235,0.788653
2236,0.929984
2237,0.84424
2238,1.0
2239,0.833579
2240,0.879751
2241,1.0
2242,0.944458
2243,1.0
2244,0.918671
2245,0.920926
2246,0.709279
2247,0.750034
2248,0.777878
2249,0.821274
2250,0.929174
2251,0.896896
2252,0.813668
2253,0.640226
2254,0.815499
2255,0.894816
2256,0.898733
2257,0.892359
2258,0.809375
2259,0.897852
2260,0.878546
2261,0.747432
2262,0.654784
2263,0.764543
2264,0.652356
2265,0.879945
2266,0.92059
2267,0.863261
2268,0.871365
2269,0.749065
2270,0.0
2271,0.642474
2272,0.919853
2273,0.705526
2274,0.0
2275,0.827511
2276,0.939459
2277,0.738135
2278,0.772937
2279,0.828911
2280,0.725198
2281,0.943956
2282,0.820142
2283,0.886006
2284,0.824602
2285,0.819057
2286,0.878223
2287,0.928094
2288,1.0
2289,0.936587
2290,0.840576
2291,0.877283
2292,1.0
2293,0.784951
2294,0.877475
2295,0.876914
2296,0.882857
2297,1.0
2298,1.0
2299,0.734642
2300,0.827996
2301,0.605564
2302,0.767007
2303,0.801539
2304,0.853657
2305,0.878222
2306,0.85082
2307,0.803831
2308,0.893912
2309,1.0
2310,0.931034
2311,0.919748
2312,0.761692
2313,0.727332
2314,0.891587
2315,0.86062
2316,0.82695
2317,0.738901
2318,0.861705
2319,0.854591
2320,0.819259
2321,0.744942
2322,0.943089
2323,0.831174
2324,0.731562
2325,0.818665
2326,0.0
2327,0.948929
2328,0.906628
2329,0.911775
2330,0.902661
2331,0.913212
2332,0.818419
2333,0.920049
2334,1.0
2335,0.900043
2336,1.0
2337,0.92858
2338,0.835214
2339,0.780545
2340,0.907924
2341,1.0
2342,0.873885
2343,0.878392
2344,0.765175
2345,0.689298
2346,0.768698
2347,0.687461
2348,0.92309
2349,0.904173
2350,0.789807
2351,0.828522
2352,0.949063
2353,0.873688
2354,0.908121
2355,0.892706
2356,0.869588
2357,0.777235
2358,0.750478
2359,0.888242
2360,0.744672
2361,0.795359
2362,1.0
2363,0.853366
2364,1.0
2365,0.739705
2366,0.920773
2367,0.868651
2368,0.782505
2369,0.899048
2370,0.865766
2371,0.865918
2372,1.0
2373,0.844329
2374,0.913167
2375,1.0
2376,0.905795
2377,0.833823
2378,0.851968
2379,0.913929
2380,0.780355
2381,0.697658
2382,1.0
2383,0.806971
2384,0.681667
2385,0.827478
2386,0.92296
2387,0.877013
2388,0.869601
2389,0.892493
2390,0.896887
2391,0.869838
2392,0.856522
2393,0.643636
2394,0.744102
2395,0.862912
2396,0.0
2397,0.857932
2398,0.936553
2399,0.758014
2400,0.727482
2401,0.870261
2402,0.889271
2403,0.874141
2404,0.870929
2405,0.797785
2406,0.848755
2407,1.0
2408,0.836185
2409,0.744667
2410,0.880211
2411,0.876774
2412,0.738472
2413,0.850169
2414,0.919224
2415,0.678118
2416,0.913762
2417,0.870201
2418,0.840081
2419,0.832747
2420,0.779313
2421,1.0
2422,1.0
2423,0.780006
2424,0.845105
2425,0.766254
2426,0.736779
2427,0.861067
2428,0.933014
2429,0.947339
2430,0.737541
2431,0.710935
2432,0.74689
2433,0.814803
2434,0.821445
2435,0.777767
2436,0.817832
2437,0.796361
2438,0.909507
2439,0.917627
2440,0.892354
2441,0.796741
2442,0.861719
2443,0.934485
2444,0.777076
2445,0.82212
2446,0.677088
2447,0.911521
2448,1.0
2449,0.708926
2450,0.852928
2451,0.918133
2452,0.751039
2453,0.854934
2454,0.763582
2455,0.688054
2456,0.763514
2457,0.923237
2458,0.708472
2459,0.668675
2460,0.87383
2461,0.871299
2462,0.831674
2463,0.731669
2464,0.680143
2465,0.923358
2466,0.885394
2467,0.851507
2468,0.665155
2469,0.745696
2470,0.60458
2471,0.85212
2472,0.940873
2473,1.0
2474,0.843662
2475,0.771509
2476,0.81323
2477,1.0
2478,0.721125
2479,0.869184
2480,0.684496
2481,0.888233
2482,0.764292
2483,0.773759
2484,0.860465
2485,1.0
2486,0.886037
2487,0.850109
2488,0.897268
2489,0.930213
2490,0.881796
2491,0.75713
2492,0.939482
2493,0.715298
2494,0.723293
2495,0.726235
2496,0.871394
2497,0.860041
2498,0.931554
2499,1.0
2500,0.93398
2501,1.0
2502,0.918019
2503,0.837544
2504,0.66472
2505,0.70829
2506,0.857226
2507,0.798037
2508,0.932551
2509,0.788805
2510,0.684484
2511,0.732482
2512,0.797081
2513,0.782111
2514,0.813401
2515,0.866942
2516,0.918479
2517,0.794629
2518,0.756489
2519,0.918661
2520,0.869245
2521,1.0
2522,0.726342
2523,0.759238
2524,1.0
2525,0.789332
2526,0.867406
2527,1.0
2528,0.702797
2529,0.851814
2530,0.651861
2531,1.0
2532,0.817743
2533,0.928565
2534,0.831162
2535,0.938691
2536,0.811508
2537,1.0
2538,0.808076
2539,0.862049
2540,0.841555
2541,0.859665
2542,0.667921
2543,0.855962
2544,0.62939
2545,0.93799
2546,0.906684
2547,0.816264
2548,0.819359
2549,0.812694
2550,0.834242
2551,0.76338
2552,0.911188
2553,0.743793
2554,1.0
2555,0.683266
2556,0.777151
2557,0.924238
2558,0.931645
2559,0.704632
2560,0.924751
2561,0.730416
2562,0.786986
2563,0.826872
2564,0.780857
2565,1.0
2566,0.0
2567,0.747182
2568,0.627352
2569,0.941382
2570,1.0
2571,0.736851
2572,0.763102
2573,0.940518
2574,0.878802
2575,0.829312
2576,0.858258
2577,0.904801
2578,0.922872
2579,0.848214
2580,0.811259
2581,0.876056
2582,0.945955
2583,0.805016
2584,0.8863
2585,0.8221
2586,0.80188
2587,0.836743
2588,0.639584
2589,0.73994
2590,0.811262
2591,0.89048
2592,0.866726
2593,0.894205
2594,0.821256
2595,0.917799
2596,0.831109
2597,0.81372
2598,0.929183
2599,0.887864
2600,1.0
2601,1.0
2602,0.698389
2603,0.745651
2604,0.825853
2605,0.898316
2606,0.903629
2607,0.864238
2608,0.946476
2609,0.876536
2610,0.939334
2611,0.632447
2612,0.831974
2613,0.826258
2614,0.813915
2615,1.0
2616,0.927554
2617,0.786372
2618,0.886273
2619,0.874941
2620,0.890068
2621,0.741694
2622,0.868887
2623,0.769412
2624,0.78008
2625,0.0
2626,0.846011
2627,0.914337
2628,0.87453
2629,0.933348
2630,0.796785
2631,0.861078
2632,0.942677
2633,0.784988
2634,1.0
2635,0.898597
2636,0.764143
2637,0.936309
2638,0.923254
2639,0.942881
2640,0.633997
2641,0.697867
2642,0.738681
2643,0.815117
2644,0.935212
2645,0.758284
2646,0.74273
2647,0.630729
2648,0.916255
2649,0.859653
2650,0.940929
2651,0.70758
2652,0.931341
2653,0.897546
2654,0.897413
2655,0.93547
2656,0.76635
2657,0.846843
2658,0.874279
2659,0.764315
2660,0.665963
2661,0.911271
2662,0.853421
2663,0.755752
2664,0.656486
2665,0.864057
2666,0.92238
2667,0.869431
2668,0.911319
2669,0.813187
2670,0.88442
2671,0.817628
2672,0.915058
2673,1.0
2674,0.903137
2675,0.877601
2676,0.880858
2677,0.721471
2678,0.613987
2679,0.888601
2680,0.885255
2681,0.833415
2682,0.881695
2683,0.756038
2684,0.832794
2685,0.930428
2686,0.887153
2687,0.875789
2688,0.730609
2689,0.920471
2690,0.755317
2691,0.797132
2692,1.0
2693,0.87599
2694,0.806605
2695,0.0
2696,0.775189
2697,0.879929
2698,0.765333
2699,0.767512
2700,0.892229
2701,0.785303
2702,0.803606
2703,0.948338
2704,0.809803
2705,0.81112
2706,0.89593
2707,0.86125
2708,0.844859
2709,0.793707
2710,0.863226
2711,0.896415
2712,0.704822
2713,1.0
2714,0.768559
2715,0.884157
2716,0.942912
2717,0.744485
2718,0.869657
2719,0.929578
2720,0.752392
2721,0.893165
2722,0.712682
2723,0.652151
2724,0.814971
2725,0.930304
2726,0.891244
2727,0.791532
2728,0.766297
2729,0.944385
2730,0.934632
2731,0.934062
2732,0.874228
2733,0.820117
2734,0.808567
2735,0.920022
2736,0.871843
2737,0.0
2738,0.922347
2739,1.0
2740,0.842311
2741,0.928746
2742,0.91654
2743,0.799613
2744,0.920435
2745,0.933273
2746,0.771099
2747,0.869787
2748,0.874291
2749,1.0
2750,0.82231
2751,0.910949
2752,0.814115
2753,0.764321
2754,0.76373
2755,0.921478
2756,0.73082
2757,0.794561
2758,0.776838
2759,0.767495
2760,0.857246
2761,0.675587
2762,0.906313
2763,1.0
2764,0.874354
2765,0.90412
2766,0.923925
2767,0.905905
2768,0.752511
2769,0.760848
2770,1.0
2771,0.660744
2772,0.760198
2773,0.0
2774,0.946412
2775,0.791454
2776,0.79721
2777,0.905657
2778,0.769989
2779,1.0
2780,0.628092
2781,0.873386
2782,0.945146
2783,0.908203
2784,0.901146
2785,0.94194
2786,0.893543
2787,0.846773
2788,0.750497
2789,0.835064
2790,0.873965
2791,0.888304
2792,0.727509
2793,0.940923
2794,0.921676
2795,0.926133
2796,0.851304
2797,0.720994
2798,0.0
2799,0.934492
2800,0.872456
2801,0.906006
2802,1.0
2803,0.941811
2804,0.647801
2805,0.751394
2806,0.750668
2807,0.907625
2808,0.826035
2809,0.838707
2810,0.794742
2811,0.626721
2812,0.870921
2813,1.0
2814,1.0
2815,0.913995
2816,0.813369
2817,0.65574
2818,0.759058
2819,1.0
2820,0.86546
2821,0.948328
2822,0.879959
2823,0.826867
2824,0.896591
2825,0.922089
2826,0.70441
2827,0.816762
2828,0.780979
2829,0.891267
2830,0.923097
2831,0.829988
2832,0.887441
2833,0.935514
2834,0.92633
2835,0.923585
2836,1.0
2837,0.814914
2838,0.787451
2839,0.824444
2840,0.782657
2841,0.909175
2842,0.705749
2843,0.759074
2844,1.0
2845,0.912664
2846,0.752144
2847,0.832358
2848,0.719365
2849,0.783972
2850,0.889697
2851,0.946725
2852,0.862026
2853,0.849666
2854,0.720207
2855,0.818756
2856,0.934121
2857,0.924964
2858,0.847894
2859,1.0
2860,0.787673
2861,0.838687
2862,0.748909
2863,0.721582
2864,0.85544
2865,1.0
2866,0.696955
2867,0.847333
2868,0.849578
2869,0.892272
2870,0.850459
2871,0.780613
2872,0.905157
2873,0.823709
2874,0.0
2875,0.886551
2876,0.762048
2877,0.872268
2878,0.863432
2879,0.763841
2880,0.697817
2881,0.850037
2882,1.0
2883,0.797795
2884,0.905637
2885,0.882359
2886,0.786158
2887,0.923502
2888,0.845988
2889,0.918582
2890,1.0
2891,0.883051
2892,0.747819
2893,0.931578
2894,0.809386
2895,0.767065
2896,0.91544
2897,0.912013
2898,0.894886
2899,0.840116
2900,1.0
2901,0.702747
2902,0.67022
2903,0.878397
2904,0.846404
2905,0.756258
2906,0.727375
2907,0.654061
2908,0.903117
2909,0.925136
2910,0.872823
2911,0.901095
2912,0.896604
2913,0.933238
2914,1.0
2915,0.822303
2916,0.609684
2917,0.780318
2918,1.0
2919,1.0
2920,0.868617
2921,0.774059
2922,0.0
2923,0.941897
2924,0.800901
2925,0.773969
2926,0.856583
2927,0.872652
2928,0.874027
2929,0.687002
2930,1.0
2931,1.0
2932,0.777683
2933,0.870485
2934,0.737791
2935,0.872939
2936,0.869442
2937,0.806597
2938,0.816921
2939,0.949464
2940,0.752622
2941,0.85071
2942,0.634274
2943,0.791152
2944,0.935274
2945,0.782966
2946,0.909866
2947,0.841524
2948,0.724154
2949,0.0
2950,0.79931
2951,0.676568
2952,0.872924
2953,0.82846
2954,0.907259
2955,0.945402
2956,0.87218
2957,0.720077
2958,0.800121
2959,0.804638
2960,0.85074
2961,0.878461
2962,0.858475
2963,0.752044
2964,0.832587
2965,0.860731
2966,1.0
2967,0.804473
2968,0.879832
2969,0.897861
2970,1.0
2971,0.808997
2972,0.912548
2973,0.0
2974,0.908672
2975,0.871155
2976,0.652016
2977,0.835665
2978,0.898509
2979,1.0
2980,0.89887
2981,0.817091
2982,0.843557
2983,0.939912
2984,0.0
2985,0.818395
2986,0.670375
2987,0.671892
2988,0.804104
2989,1.0
2990,0.896826
2991,0.942468
2992,0.873588
2993,0.850619
2994,0.906219
2995,0.891629
2996,0.92158
2997,0.748387
2998,0.803119
2999,1.0
3000,0.919591
3001,0.673299
3002,0.917063
3003,0.929585
3004,0.759595
3005,0.788844
3006,0.930558
3007,0.924801
3008,0.899702
3009,0.757016
3010,0.0
3011,0.0
3012,0.904545
3013,0.924366
3014,0.80759
3015,0.947934
3016,1.0
3017,0.699463
3018,0.870089
3019,0.937583
3020,0.817997
3021,0.900874
3022,0.830803
3023,0.84974
3024,0.795946
3025,0.813383
3026,0.897747
3027,0.757851
3028,0.868548
3029,0.699319
3030,0.876636
3031,1.0
3032,0.860855
3033,0.703087
3034,1.0
3035,0.80603
3036,1.0
3037,0.83613
3038,0.896907
3039,0.772871
3040,0.652684
3041,0.81454
3042,1.0
3043,0.936845
3044,0.73639
3045,0.702906
3046,0.941517
3047,0.88692
3048,0.797699
3049,0.940625
3050,0.917705
3051,0.926869
3052,0.847253
3053,0.902891
3054,0.905503
3055,0.92864
3056,0.764852
3057,0.939778
3058,0.799749
3059,0.831106
3060,0.948685
3061,0.801279
3062,0.819606
3063,0.831482
3064,0.843282
3065,0.877496
3066,0.887247
3067,0.890484
3068,0.842975
3069,0.790609
3070,0.872044
3071,0.832589
3072,1.0
3073,0.0
3074,1.0
3075,0.903426
3076,0.713753
3077,0.750278
3078,0.817349
3079,0.805742
3080,0.68872
3081,0.773783
3082,0.895383
3083,0.708715
3084,0.0
3085,0.888391
3086,0.620732
3087,0.682192
3088,0.944086
3089,0.944519
3090,0.909734
3091,0.881011
3092,0.781532
3093,0.733622
3094,0.0
3095,0.857495
3096,1.0
3097,0.871962
3098,0.830301
3099,0.87765
3100,0.891925
3101,0.783324
3102,0.925144
3103,1.0
3104,0.835907
3105,0.705147
3106,0.917997
3107,0.791756
3108,1.0
3109,0.695308
3110,0.785863
3111,0.871324
3112,0.871592
3113,0.76326
3114,0.89075
3115,0.648532
3116,0.829616
3117,0.782825
3118,0.879645
3119,0.924324
3120,0.772803
3121,0.778882
3122,0.858625
3123,0.804765
3124,0.928687
3125,0.875999
3126,0.7041
3127,0.848251
3128,0.92405
3129,0.850922
3130,0.868858
3131,0.790347
3132,0.683324
3133,0.865301
3134,0.869968
3135,0.805049
3136,0.853693
3137,0.910936
3138,1.0
3139,0.875943
3140,0.934395
3141,0.763158
3142,0.764361
3143,0.743016
3144,0.909004
3145,0.802756
3146,0.923227
3147,0.812552
3148,0.947238
3149,0.802272
3150,1.0
3151,0.824819
3152,0.621461
3153,0.771237
3154,0.762863
3155,0.688934
3156,0.812544
3157,0.766864
3158,0.922318
3159,0.828844
3160,0.810919
3161,0.8616
3162,0.917752
3163,1.0
3164,0.0
3165,0.945102
3166,0.740476
3167,0.749096
3168,0.844762
3169,1.0
3170,0.866596
3171,0.84318
3172,0.898973
3173,0.74393
3174,1.0
3175,0.0
3176,0.76053
3177,1.0
3178,0.680642
3179,0.86773
3180,0.703911
3181,0.883606
3182,1.0
3183,0.929299
3184,1.0
3185,0.926174
3186,0.775025
3187,0.771847
3188,1.0
3189,0.7628
3190,0.888627
3191,0.671239
3192,0.600362
3193,0.773273
3194,0.851442
3195,0.780721
3196,0.862959
3197,0.895614
3198,0.767818
3199,0.829408
3200,0.915969
3201,0.794638
3202,0.892219
3203,0.886292
3204,0.816604
3205,0.907229
3206,0.906
3207,0.862947
3208,0.0
3209,0.850378
3210,0.0
3211,0.845007
3212,0.658322
3213,0.82812
3214,0.927093
3215,0.783132
3216,0.884846
3217,0.892057
3218,1.0
3219,0.820079
3220,1.0
3221,0.830024
3222,0.907529
3223,0.799479
3224,0.656509
3225,0.919821
3226,0.908719
3227,0.894554
3228,0.0
3229,0.857041
3230,0.938917
3231,0.928552
3232,0.842294
3233,0.741863
3234,0.901434
3235,0.8392
3236,1.0
3237,0.899756
3238,0.0
3239,0.861217
3240,0.767458
3241,0.817411
3242,0.864272
3243,0.916048
3244,0.677692
3245,0.894064
3246,0.924272
3247,0.942003
3248,0.700843
3249,0.768497
3250,0.862918
3251,1.0
3252,0.888562
3253,0.850113
3254,0.909841
3255,0.706504
3256,0.751634
3257,0.601417
3258,0.871431
3259,0.71914
3260,0.949687
3261,0.925754
3262,0.744064
3263,0.935956
3264,0.93367
3265,1.0
3266,0.883642
3267,1.0
3268,0.906832
3269,0.811706
3270,0.921096
3271,0.913814
3272,0.82258
3273,0.836921
3274,0.876461
3275,0.902158
3276,0.881156
3277,0.798581
3278,0.734664
3279,0.700949
3280,0.934826
3281,0.853835
3282,0.651357
3283,0.751949
3284,0.869604
3285,1.0
3286,0.925726
3287,0.854412
3288,0.786236
3289,0.826982
3290,0.726051
3291,0.844032
3292,0.900588
3293,0.813304
3294,0.652393
3295,0.731618
3296,0.770962
3297,0.833366
3298,0.869034
3299,0.848064
3300,0.923362
3301,0.85823
3302,0.636386
3303,0.0
3304,0.888569
3305,0.779509
3306,0.905074
3307,0.70128
3308,0.748248
3309,0.738555
3310,0.823008
3311,0.869864
3312,0.909502
3313,0.870967
3314,0.794573
3315,0.72274
3316,0.810514
3317,0.899489
3318,0.939668
3319,0.645572
3320,0.0
3321,0.932658
3322,0.72314
3323,0.683055
3324,0.713976
3325,1.0
3326,0.770804
3327,0.823862
3328,0.0
3329,0.881318
3330,1.0
3331,0.830938
3332,0.829385
3333,0.873786
3334,0.716698
3335,0.726675
3336,1.0
3337,0.840875
3338,0.766986
3339,0.796305
3340,0.759799
3341,0.919541
3342,0.907278
3343,0.930508
3344,0.613611
3345,0.768032
3346,0.875314
3347,0.771033
3348,0.0
3349,0.667537
3350,0.841177
3351,0.872118
3352,0.718487
3353,0.795175
3354,0.641209
3355,0.708246
3356,0.0
3357,0.757085
3358,0.867796
3359,0.902645
3360,0.850173
3361,0.843767
3362,0.797868
3363,0.874983
3364,1.0
3365,0.837467
3366,0.872705
3367,1.0
3368,0.766574
3369,1.0
3370,0.811997
3371,0.738406
3372,0.0
3373,0.945138
3374,1.0
3375,0.910457
3376,0.890287
3377,0.85894
3378,1.0
3379,1.0
3380,0.864546
3381,0.643196
3382,0.741349
3383,0.841693
3384,0.683688
3385,0.76291
3386,0.861936
3387,0.880712
3388,0.784348
3389,1.0
3390,0.874552
3391,0.755874
3392,0.802481
3393,0.693464
3394,0.821462
3395,0.921616
3396,0.805557
3397,0.672779
3398,0.775841
3399,0.91218
3400,0.713826
3401,1.0
3402,0.906484
3403,0.857
3404,0.794762
3405,0.825491
3406,0.916334
3407,0.898845
3408,0.874
3409,0.821697
3410,0.847399
3411,0.919583
3412,0.832877
3413,0.836991
3414,0.829865
3415,0.8178
3416,1.0
3417,0.895775
3418,0.679026
3419,0.808299
3420,0.906217
3421,0.900232
3422,1.0
3423,0.945933
3424,0.855786
3425,0.844809
3426,0.826717
3427,0.885729
3428,0.915467
3429,0.899754
3430,0.794493
3431,0.820198
3432,0.848845
3433,0.0
3434,0.896689
3435,0.784288
3436,0.819168
3437,0.866994
3438,0.798398
3439,0.822758
3440,0.0
3441,0.847794
3442,0.794448
3443,0.738263
3444,0.905306
3445,0.817164
3446,0.823508
3447,0.859292
3448,0.871765
3449,0.940595
3450,0.823975
3451,0.910339
3452,0.830177
3453,0.874903
3454,0.886688
3455,0.618138
3456,0.947865
3457,0.893013
3458,0.680255
3459,0.833188
3460,0.801509
3461,0.929244
3462,0.916455
3463,0.668074
3464,0.782311
3465,0.881559
3466,0.875175
3467,0.855108
3468,0.822584
3469,0.786412
3470,0.897838
3471,0.918802
3472,0.715789
3473,0.0
3474,0.0
3475,0.941497
3476,0.932228
3477,0.77509
3478,0.908046
3479,0.762758
3480,0.774639
3481,0.0
3482,0.909894
3483,0.888451
3484,0.636537
3485,0.884071
3486,0.792357
3487,0.0
3488,0.891726
3489,1.0
3490,0.752571
3491,0.786917
3492,0.731385
3493,0.898744
3494,0.928238
3495,0.918442
3496,0.723932
3497,0.77707
3498,0.914724
3499,0.756479
3500,1.0
3501,0.879181
3502,0.932779
3503,0.682505
3504,0.739197
3505,0.93675
3506,0.0
3507,0.881954
3508,0.917839
3509,0.841295
3510,0.920745
3511,0.899141
3512,0.719138
3513,0.907331
3514,0.820832
3515,0.739713
3516,0.839696
3517,0.832424
3518,0.0
3519,0.875965
3520,0.820513
3521,0.896425
3522,0.829994
3523,0.729009
3524,0.933558
3525,0.760091
3526,0.899439
3527,0.798123
3528,0.826696
3529,0.829643
3530,0.947681
3531,1.0
3532,0.643799
3533,0.766163
3534,0.834707
3535,0.829795
3536,1.0
3537,0.867565
3538,0.688119
3539,0.876651
3540,0.810235
3541,0.766463
3542,0.892733
3543,0.770277
3544,0.872236
3545,0.736454
3546,0.800258
3547,0.924343
3548,0.849556
3549,0.946328
3550,0.746626
3551,0.8339
3552,1.0
3553,0.798397
3554,0.771938
3555,0.890452
3556,0.914796
3557,0.892354
3558,0.881129
3559,0.808211
3560,0.84656
3561,0.870755
3562,1.0
3563,0.772882
3564,0.87734
3565,0.919633
3566,0.840961
3567,0.701736
3568,0.911
3569,0.943474
3570,0.760635
3571,0.882875
3572,0.686769
3573,0.904028
3574,0.846346
3575,0.670177
3576,0.736667
3577,0.831075
3578,0.806886
3579,1.0
3580,0.917962
3581,0.721631
3582,0.708229
3583,0.854489
3584,0.860012
3585,0.907282
3586,1.0
3587,0.646724
3588,1.0
3589,0.900394
3590,0.859602
3591,0.797188
3592,0.692907
3593,0.832576
3594,0.78041
3595,0.847956
3596,0.843821
3597,0.84833
3598,0.871896
3599,0.887408
3600,0.701357
3601,0.790328
3602,0.694076
3603,0.910982
3604,0.936043
3605,0.920412
3606,0.793449
3607,0.897246
3608,0.945655
3609,0.646751
3610,0.736847
3611,0.821396
3612,0.945703
3613,0.911261
3614,0.902775
3615,0.647678
3616,0.801206
3617,0.899746
3618,0.946354
3619,0.738144
3620,1.0
3621,0.9257
3622,0.867133
3623,0.68566
3624,1.0
3625,0.822824
3626,0.700455
3627,0.0
3628,1.0
3629,0.0
3630,0.0
3631,0.728948
3632,0.789157
3633,0.749739
3634,0.697279
3635,0.840896
3636,1.0
3637,1.0
3638,0.839553
3639,0.809356
3640,0.819627
3641,0.759677
3642,0.921478
3643,0.771166
3644,0.796572
3645,0.806782
3646,1.0
3647,0.91724
3648,0.916409
3649,0.774649
3650,0.813732
3651,0.850856
3652,0.785114
3653,0.732685
3654,0.848682
3655,0.885232
3656,0.821888
3657,0.891453
3658,0.906073
3659,0.827892
3660,0.86613
3661,0.618531
3662,0.925032
3663,0.766727
3664,0.914881
3665,0.922819
3666,0.89151
3667,0.878823
3668,0.0
3669,0.816354
3670,0.914658
3671,0.788997
3672,1.0
3673,0.782429
3674,0.77392
3675,0.849357
3676,0.773507
3677,0.0
3678,0.829664
3679,0.740545
3680,0.893232
3681,0.770239
3682,0.871621
3683,1.0
3684,0.907679
3685,0.0
3686,0.925953
3687,0.668818
3688,0.728761
3689,0.718632
3690,0.811771
3691,0.798135
3692,0.903188
3693,0.790196
3694,0.922916
3695,0.91082
3696,0.816021
3697,0.910915
3698,0.939334
3699,0.7981
3700,0.899951
3701,0.870869
3702,0.711684
3703,1.0
3704,0.873036
3705,0.895697
3706,0.777759
3707,0.814164
3708,0.900642
3709,0.623483
3710,0.799366
3711,0.71904
3712,0.906051
3713,0.877163
3714,0.931875
3715,0.850479
3716,0.926146
3717,0.864861
3718,1.0
3719,1.0
3720,0.79404
3721,0.684178
3722,0.617296
3723,0.73588
3724,0.0
3725,0.790815
3726,0.747281
3727,0.0
3728,0.702136
3729,0.753754
3730,0.921832
3731,0.844497
3732,0.756836
3733,0.857716
3734,0.934839
3735,0.725439
3736,0.759722
3737,1.0
3738,0.752978
3739,0.647886
3740,0.851718
3741,0.867312
3742,0.824669
3743,0.895178
3744,1.0
3745,0.849781
3746,0.856686
3747,1.0
3748,0.740473
3749,0.850633
3750,0.807752
3751,0.871422
3752,1.0
3753,0.946066
3754,1.0
3755,0.85321
3756,0.86493
3757,0.897743
3758,0.770818
3759,0.844608
3760,0.917816
3761,0.684753
3762,1.0
3763,0.84984
3764,0.931811
3765,0.801722
3766,0.886663
3767,0.907031
3768,0.914707
3769,0.803267
3770,0.709654
3771,0.640732
3772,0.799578
3773,0.878084
3774,0.714699
3775,0.7588
3776,0.843102
3777,0.809407
3778,0.772587
3779,0.90073
3780,0.737011
3781,0.760682
3782,0.825388
3783,0.814588
3784,0.632574
3785,0.800716
3786,1.0
3787,0.824271
3788,0.839816
3789,0.853663
3790,0.87808
3791,0.737832
3792,0.66542
3793,0.725835
3794,0.943995
3795,0.806386
3796,0.776729
3797,1.0
3798,0.785925
